anio,delito,cantidad
2000,Delito 01,2653.0
2001,Delito 01,3053.0
2002,Delito 01,3459.0
2003,Delito 01,2883.0
2004,Delito 01,2264.0
2005,Delito 01,2120.0
2006,Delito 01,2057.0
2007,Delito 01,2071.0
2008,Delito 01,2305.0
2009,Delito 01,2616.0
2010,Delito 01,2345.0
2011,Delito 01,2471.0
2012,Delito 01,2628.0
2013,Delito 01,3125.0
2014,Delito 01,3202.0
2015,Delito 01,2761.0
2016,Delito 01,2607.0
2017,Delito 01,2224.0
2018,Delito 01,2282.0
2019,Delito 01,2239.0
2020,Delito 01,2350.0
2021,Delito 01,2021.0
2022,Delito 01,1888.0
2023,Delito 01,1996.0
2024,Delito 01,1734.0
2000,Delito 02,884.0
2001,Delito 02,888.0
2002,Delito 02,862.0
2003,Delito 02,928.0
2004,Delito 02,876.0
2005,Delito 02,916.0
2006,Delito 02,836.0
2007,Delito 02,780.0
2008,Delito 02,993.0
2009,Delito 02,1232.0
2010,Delito 02,1201.0
2011,Delito 02,1407.0
2012,Delito 02,1496.0
2013,Delito 02,1590.0
2014,Delito 02,1776.0
2015,Delito 02,1597.0
2016,Delito 02,1659.0
2017,Delito 02,1588.0
2018,Delito 02,1512.0
2019,Delito 02,1582.0
2020,Delito 02,1548.0
2021,Delito 02,1478.0
2022,Delito 02,1309.0
2023,Delito 02,1488.0
2024,Delito 02,1406.0
2000,Delito 03,3686.0
2001,Delito 03,3797.0
2002,Delito 03,3178.0
2003,Delito 03,3125.0
2004,Delito 03,3506.0
2005,Delito 03,3443.0
2006,Delito 03,3695.0
2007,Delito 03,3786.0
2008,Delito 03,3997.0
2009,Delito 03,3483.0
2010,Delito 03,3571.0
2011,Delito 03,3793.0
2012,Delito 03,3502.0
2013,Delito 03,3957.0
2014,Delito 03,3627.0
2015,Delito 03,3641.0
2016,Delito 03,3919.0
2017,Delito 03,4193.0
2018,Delito 03,4294.0
2019,Delito 03,3671.0
2020,Delito 03,2746.0
2021,Delito 03,3444.0
2022,Delito 03,3781.0
2023,Delito 03,3568.0
2024,Delito 03,3205.0
2000,Delito 04,1058.0
2001,Delito 04,625.0
2002,Delito 04,589.0
2003,Delito 04,665.0
2004,Delito 04,716.0
2005,Delito 04,895.0
2006,Delito 04,743.0
2007,Delito 04,681.0
2008,Delito 04,617.0
2009,Delito 04,937.0
2010,Delito 04,706.0
2011,Delito 04,938.0
2012,Delito 04,1111.0
2013,Delito 04,920.0
2014,Delito 04,1496.0
2015,Delito 04,967.0
2016,Delito 04,582.0
2017,Delito 04,593.0
2018,Delito 04,536.0
2019,Delito 04,435.0
2020,Delito 04,491.0
2021,Delito 04,501.0
2022,Delito 04,567.0
2023,Delito 04,628.0
2024,Delito 04,553.0
2000,Delito 05,107864.0
2001,Delito 05,117745.0
2002,Delito 05,125267.0
2003,Delito 05,131360.0
2004,Delito 05,142257.0
2005,Delito 05,142135.0
2006,Delito 05,143482.0
2007,Delito 05,139142.0
2008,Delito 05,146338.0
2009,Delito 05,151408.0
2010,Delito 05,148376.0
2011,Delito 05,165148.0
2012,Delito 05,165530.0
2013,Delito 05,161403.0
2014,Delito 05,170921.0
2015,Delito 05,171324.0
2016,Delito 05,141311.0
2017,Delito 05,142111.0
2018,Delito 05,136843.0
2019,Delito 05,145145.0
2020,Delito 05,136122.0
2021,Delito 05,156802.0
2022,Delito 05,167994.0
2023,Delito 05,168619.0
2024,Delito 05,169511.0
2000,Delito 06,54429.0
2001,Delito 06,58530.0
2002,Delito 06,53527.0
2003,Delito 06,56678.0
2004,Delito 06,64717.0
2005,Delito 06,73066.0
2006,Delito 06,83888.0
2007,Delito 06,97056.0
2008,Delito 06,105615.0
2009,Delito 06,99233.0
2010,Delito 06,95876.0
2011,Delito 06,95111.0
2012,Delito 06,89736.0
2013,Delito 06,85777.0
2014,Delito 06,79478.0
2015,Delito 06,84033.0
2016,Delito 06,94016.0
2017,Delito 06,97709.0
2018,Delito 06,95082.0
2019,Delito 06,92935.0
2020,Delito 06,62335.0
2021,Delito 06,80272.0
2022,Delito 06,89877.0
2023,Delito 06,89058.0
2024,Delito 06,89424.0
2000,Delito 07,11024.0
2001,Delito 07,8907.0
2002,Delito 07,7181.0
2003,Delito 07,7356.0
2004,Delito 07,8620.0
2005,Delito 07,9532.0
2006,Delito 07,11483.0
2007,Delito 07,10355.0
2008,Delito 07,9801.0
2009,Delito 07,17621.0
2010,Delito 07,19499.0
2011,Delito 07,24185.0
2012,Delito 07,26360.0
2013,Delito 07,28235.0
2014,Delito 07,27475.0
2015,Delito 07,24807.0
2016,Delito 07,15483.0
2017,Delito 07,17861.0
2018,Delito 07,17463.0
2019,Delito 07,15766.0
2020,Delito 07,10396.0
2021,Delito 07,13532.0
2022,Delito 07,13947.0
2023,Delito 07,15211.0
2024,Delito 07,13471.0
2000,Delito 08,21232.0
2001,Delito 08,17979.0
2002,Delito 08,16947.0
2003,Delito 08,16509.0
2004,Delito 08,16708.0
2005,Delito 08,15832.0
2006,Delito 08,17544.0
2007,Delito 08,22601.0
2008,Delito 08,29335.0
2009,Delito 08,29097.0
2010,Delito 08,30098.0
2011,Delito 08,32740.0
2012,Delito 08,35970.0
2013,Delito 08,40909.0
2014,Delito 08,49548.0
2015,Delito 08,44803.0
2016,Delito 08,54877.0
2017,Delito 08,52759.0
2018,Delito 08,59316.0
2019,Delito 08,53582.0
2020,Delito 08,50044.0
2021,Delito 08,46549.0
2022,Delito 08,42226.0
2023,Delito 08,46049.0
2024,Delito 08,48581.0
2000,Delito 09,372.0
2001,Delito 09,379.0
2002,Delito 09,295.0
2003,Delito 09,328.0
2004,Delito 09,381.0
2005,Delito 09,316.0
2006,Delito 09,358.0
2007,Delito 09,640.0
2008,Delito 09,247.0
2009,Delito 09,340.0
2010,Delito 09,236.0
2011,Delito 09,312.0
2012,Delito 09,442.0
2013,Delito 09,602.0
2014,Delito 09,846.0
2015,Delito 09,413.0
2016,Delito 09,466.0
2017,Delito 09,449.0
2018,Delito 09,534.0
2019,Delito 09,699.0
2020,Delito 09,768.0
2021,Delito 09,791.0
2022,Delito 09,645.0
2023,Delito 09,763.0
2024,Delito 09,843.0
2000,Delito 10,3023.0
2001,Delito 10,3289.0
2002,Delito 10,3037.0
2003,Delito 10,3451.0
2004,Delito 10,3452.0
2005,Delito 10,3156.0
2006,Delito 10,3272.0
2007,Delito 10,3281.0
2008,Delito 10,3368.0
2009,Delito 10,4386.0
2010,Delito 10,4278.0
2011,Delito 10,4224.0
2012,Delito 10,4314.0
2013,Delito 10,4279.0
2014,Delito 10,3748.0
2015,Delito 10,3418.0
2016,Delito 10,3677.0
2017,Delito 10,3755.0
2018,Delito 10,4204.0
2019,Delito 10,5544.0
2020,Delito 10,5710.0
2021,Delito 10,6919.0
2022,Delito 10,7063.0
2023,Delito 10,6387.0
2024,Delito 10,6196.0
2000,Delito 11,5911.0
2001,Delito 11,5803.0
2002,Delito 11,5773.0
2003,Delito 11,6484.0
2004,Delito 11,6921.0
2005,Delito 11,6852.0
2006,Delito 11,7353.0
2007,Delito 11,7283.0
2008,Delito 11,6994.0
2009,Delito 11,7615.0
2010,Delito 11,8039.0
2011,Delito 11,8466.0
2012,Delito 11,8506.0
2013,Delito 11,9551.0
2014,Delito 11,9498.0
2015,Delito 11,12313.0
2016,Delito 11,8981.0
2017,Delito 11,11035.0
2018,Delito 11,12858.0
2019,Delito 11,16461.0
2020,Delito 11,21734.0
2021,Delito 11,32099.0
2022,Delito 11,32903.0
2023,Delito 11,32124.0
2024,Delito 11,27199.0
2000,Delito 12,178.0
2001,Delito 12,99.0
2002,Delito 12,219.0
2003,Delito 12,196.0
2004,Delito 12,156.0
2005,Delito 12,85.0
2006,Delito 12,168.0
2007,Delito 12,90.0
2008,Delito 12,124.0
2009,Delito 12,168.0
2010,Delito 12,119.0
2011,Delito 12,88.0
2012,Delito 12,96.0
2013,Delito 12,112.0
2014,Delito 12,212.0
2015,Delito 12,144.0
2016,Delito 12,100.0
2017,Delito 12,79.0
2018,Delito 12,178.0
2019,Delito 12,121.0
2020,Delito 12,60.0
2021,Delito 12,79.0
2022,Delito 12,160.0
2023,Delito 12,189.0
2024,Delito 12,121.0
2000,Delito 13,92826.0
2001,Delito 13,108340.0
2002,Delito 13,114247.0
2003,Delito 13,117234.0
2004,Delito 13,130448.0
2005,Delito 13,131288.0
2006,Delito 13,136351.0
2007,Delito 13,133472.0
2008,Delito 13,142714.0
2009,Delito 13,141543.0
2010,Delito 13,140877.0
2011,Delito 13,157264.0
2012,Delito 13,171952.0
2013,Delito 13,181085.0
2014,Delito 13,184844.0
2015,Delito 13,187094.0
2016,Delito 13,168109.0
2017,Delito 13,178598.0
2018,Delito 13,176661.0
2019,Delito 13,185685.0
2020,Delito 13,194471.0
2021,Delito 13,218155.0
2022,Delito 13,211707.0
2023,Delito 13,214848.0
2024,Delito 13,204599.0
2000,Delito 14,15628.0
2001,Delito 14,13729.0
2002,Delito 14,13921.0
2003,Delito 14,13267.0
2004,Delito 14,13238.0
2005,Delito 14,13210.0
2006,Delito 14,15810.0
2007,Delito 14,25395.0
2008,Delito 14,14914.0
2009,Delito 14,9576.0
2010,Delito 14,10415.0
2011,Delito 14,10910.0
2012,Delito 14,10616.0
2013,Delito 14,9586.0
2014,Delito 14,10530.0
2015,Delito 14,10604.0
2016,Delito 14,12260.0
2017,Delito 14,11623.0
2018,Delito 14,11361.0
2019,Delito 14,12699.0
2020,Delito 14,12654.0
2021,Delito 14,14009.0
2022,Delito 14,14348.0
2023,Delito 14,15230.0
2024,Delito 14,12817.0
2017,Delito 14_1,173.0
2018,Delito 14_1,172.0
2019,Delito 14_1,129.0
2020,Delito 14_1,185.0
2021,Delito 14_1,175.0
2022,Delito 14_1,332.0
2023,Delito 14_1,229.0
2024,Delito 14_1,174.0
2017,Delito 14_2,17.0
2018,Delito 14_2,23.0
2019,Delito 14_2,18.0
2020,Delito 14_2,126.0
2021,Delito 14_2,96.0
2022,Delito 14_2,83.0
2023,Delito 14_2,38.0
2024,Delito 14_2,28.0
2017,Delito 14_3,11433.0
2018,Delito 14_3,11166.0
2019,Delito 14_3,12552.0
2020,Delito 14_3,12343.0
2021,Delito 14_3,13738.0
2022,Delito 14_3,13933.0
2023,Delito 14_3,14963.0
2024,Delito 14_3,12615.0
2000,Delito 15,320649.0
2001,Delito 15,345725.0
2002,Delito 15,423478.0
2003,Delito 15,393547.0
2004,Delito 15,352554.0
2005,Delito 15,322267.0
2006,Delito 15,318613.0
2007,Delito 15,331723.0
2008,Delito 15,361716.0
2009,Delito 15,367975.0
2010,Delito 15,372723.0
2011,Delito 15,392641.0
2012,Delito 15,419171.0
2013,Delito 15,426600.0
2014,Delito 15,448317.0
2015,Delito 15,419305.0
2016,Delito 15,420589.0
2017,Delito 15,393367.0
2018,Delito 15,415256.0
2019,Delito 15,472655.0
2020,Delito 15,336222.0
2021,Delito 15,370467.0
2022,Delito 15,396930.0
2023,Delito 15,455271.0
2024,Delito 15,460618.0
2000,Delito 16,21223.0
2001,Delito 16,19898.0
2002,Delito 16,25500.0
2003,Delito 16,21547.0
2004,Delito 16,21468.0
2005,Delito 16,20767.0
2006,Delito 16,21061.0
2007,Delito 16,21846.0
2008,Delito 16,25116.0
2009,Delito 16,15340.0
2010,Delito 16,15946.0
2011,Delito 16,15779.0
2012,Delito 16,17029.0
2013,Delito 16,17786.0
2014,Delito 16,29380.0
2015,Delito 16,28406.0
2016,Delito 16,30095.0
2017,Delito 16,29100.0
2018,Delito 16,29011.0
2019,Delito 16,28579.0
2020,Delito 16,24912.0
2021,Delito 16,24688.0
2022,Delito 16,24661.0
2023,Delito 16,32503.0
2024,Delito 16,35320.0
2000,Delito 17,14819.0
2001,Delito 17,16029.0
2002,Delito 17,17906.0
2003,Delito 17,16552.0
2004,Delito 17,11157.0
2005,Delito 17,10823.0
2006,Delito 17,12605.0
2007,Delito 17,12797.0
2008,Delito 17,10048.0
2009,Delito 17,8200.0
2010,Delito 17,6918.0
2011,Delito 17,6475.0
2012,Delito 17,6616.0
2013,Delito 17,7206.0
2014,Delito 17,8703.0
2015,Delito 17,8175.0
2016,Delito 17,9254.0
2017,Delito 17,9535.0
2018,Delito 17,8821.0
2019,Delito 17,6960.0
2020,Delito 17,4015.0
2021,Delito 17,5373.0
2022,Delito 17,5699.0
2023,Delito 17,4815.0
2024,Delito 17,5750.0
2000,Delito 18,2541.0
2001,Delito 18,2082.0
2002,Delito 18,3015.0
2003,Delito 18,2216.0
2004,Delito 18,1737.0
2005,Delito 18,1475.0
2006,Delito 18,1761.0
2007,Delito 18,1315.0
2008,Delito 18,1485.0
2009,Delito 18,567.0
2010,Delito 18,509.0
2011,Delito 18,556.0
2012,Delito 18,738.0
2013,Delito 18,645.0
2014,Delito 18,1412.0
2015,Delito 18,1054.0
2016,Delito 18,992.0
2017,Delito 18,1168.0
2018,Delito 18,1310.0
2019,Delito 18,1423.0
2020,Delito 18,1322.0
2021,Delito 18,1477.0
2022,Delito 18,1403.0
2023,Delito 18,1469.0
2024,Delito 18,1427.0
2000,Delito 19,293888.0
2001,Delito 19,304122.0
2002,Delito 19,372905.0
2003,Delito 19,334916.0
2004,Delito 19,316886.0
2005,Delito 19,292455.0
2006,Delito 19,280619.0
2007,Delito 19,248510.0
2008,Delito 19,272825.0
2009,Delito 19,271860.0
2010,Delito 19,266043.0
2011,Delito 19,263701.0
2012,Delito 19,273490.0
2013,Delito 19,270312.0
2014,Delito 19,278394.0
2015,Delito 19,260471.0
2016,Delito 19,265889.0
2017,Delito 19,252807.0
2018,Delito 19,276745.0
2019,Delito 19,334016.0
2020,Delito 19,231121.0
2021,Delito 19,271324.0
2022,Delito 19,313767.0
2023,Delito 19,366516.0
2024,Delito 19,376498.0
2000,Delito 20,11432.0
2001,Delito 20,10594.0
2002,Delito 20,13813.0
2003,Delito 20,11070.0
2004,Delito 20,11332.0
2005,Delito 20,11214.0
2006,Delito 20,11422.0
2007,Delito 20,16287.0
2008,Delito 20,11380.0
2009,Delito 20,6519.0
2010,Delito 20,6684.0
2011,Delito 20,6328.0
2012,Delito 20,6577.0
2013,Delito 20,6201.0
2014,Delito 20,11438.0
2015,Delito 20,9472.0
2016,Delito 20,10333.0
2017,Delito 20,10214.0
2018,Delito 20,11832.0
2019,Delito 20,13582.0
2020,Delito 20,11208.0
2021,Delito 20,11454.0
2022,Delito 20,12404.0
2023,Delito 20,17211.0
2024,Delito 20,20358.0
2000,Delito 21,89175.0
2001,Delito 21,84334.0
2002,Delito 21,80247.0
2003,Delito 21,76862.0
2004,Delito 21,77755.0
2005,Delito 21,80249.0
2006,Delito 21,83264.0
2007,Delito 21,79509.0
2008,Delito 21,86661.0
2009,Delito 21,91413.0
2010,Delito 21,91575.0
2011,Delito 21,93217.0
2012,Delito 21,95477.0
2013,Delito 21,98100.0
2014,Delito 21,104841.0
2015,Delito 21,104360.0
2016,Delito 21,101189.0
2017,Delito 21,104043.0
2018,Delito 21,109635.0
2019,Delito 21,125537.0
2020,Delito 21,124898.0
2021,Delito 21,160497.0
2022,Delito 21,186154.0
2023,Delito 21,211422.0
2024,Delito 21,234461.0
2000,Delito 22,5147.0
2001,Delito 22,5736.0
2002,Delito 22,5199.0
2003,Delito 22,4934.0
2004,Delito 22,4833.0
2005,Delito 22,5381.0
2006,Delito 22,5614.0
2007,Delito 22,5421.0
2008,Delito 22,5992.0
2009,Delito 22,21978.0
2010,Delito 22,22044.0
2011,Delito 22,24276.0
2012,Delito 22,25392.0
2013,Delito 22,27212.0
2014,Delito 22,7971.0
2015,Delito 22,8028.0
2016,Delito 22,15711.0
2017,Delito 22,29115.0
2018,Delito 22,31157.0
2019,Delito 22,33494.0
2020,Delito 22,101289.0
2021,Delito 22,49492.0
2022,Delito 22,33477.0
2023,Delito 22,33936.0
2024,Delito 22,21181.0
2017,Delito 22_1,123.0
2018,Delito 22_1,146.0
2019,Delito 22_1,116.0
2020,Delito 22_1,75.0
2021,Delito 22_1,124.0
2022,Delito 22_1,131.0
2023,Delito 22_1,69.0
2024,Delito 22_1,58.0
2017,Delito 22_2,3243.0
2018,Delito 22_2,3163.0
2019,Delito 22_2,3055.0
2020,Delito 22_2,2928.0
2021,Delito 22_2,2810.0
2022,Delito 22_2,2619.0
2023,Delito 22_2,2469.0
2024,Delito 22_2,3173.0
2017,Delito 22_3,1693.0
2018,Delito 22_3,1873.0
2019,Delito 22_3,1739.0
2020,Delito 22_3,1650.0
2021,Delito 22_3,1426.0
2022,Delito 22_3,1365.0
2023,Delito 22_3,1305.0
2024,Delito 22_3,1963.0
2017,Delito 22_4,73.0
2018,Delito 22_4,46.0
2019,Delito 22_4,63.0
2020,Delito 22_4,59.0
2021,Delito 22_4,57.0
2022,Delito 22_4,35.0
2023,Delito 22_4,81.0
2024,Delito 22_4,181.0
2017,Delito 22_5,3.0
2018,Delito 22_5,4.0
2019,Delito 22_5,6.0
2020,Delito 22_5,6.0
2021,Delito 22_5,10.0
2022,Delito 22_5,55.0
2023,Delito 22_5,65.0
2024,Delito 22_5,95.0
2017,Delito 22_6,85.0
2018,Delito 22_6,178.0
2019,Delito 22_6,130.0
2020,Delito 22_6,116.0
2021,Delito 22_6,104.0
2022,Delito 22_6,164.0
2023,Delito 22_6,137.0
2024,Delito 22_6,149.0
2017,Delito 22_7,23895.0
2018,Delito 22_7,25747.0
2019,Delito 22_7,28385.0
2020,Delito 22_7,96455.0
2021,Delito 22_7,44961.0
2022,Delito 22_7,29108.0
2023,Delito 22_7,29810.0
2024,Delito 22_7,15562.0
2000,Delito 23,1558.0
2001,Delito 23,4734.0
2002,Delito 23,1241.0
2003,Delito 23,987.0
2004,Delito 23,1350.0
2005,Delito 23,1371.0
2006,Delito 23,1457.0
2007,Delito 23,1815.0
2008,Delito 23,2126.0
2009,Delito 23,1404.0
2010,Delito 23,1249.0
2011,Delito 23,1271.0
2012,Delito 23,5001.0
2013,Delito 23,6870.0
2014,Delito 23,15185.0
2015,Delito 23,12187.0
2016,Delito 23,9160.0
2017,Delito 23,9109.0
2018,Delito 23,7264.0
2019,Delito 23,5376.0
2020,Delito 23,4006.0
2021,Delito 23,3528.0
2022,Delito 23,3139.0
2023,Delito 23,3628.0
2024,Delito 23,2026.0
2000,Delito 24,34.0
2001,Delito 24,34.0
2002,Delito 24,59.0
2003,Delito 24,56.0
2004,Delito 24,61.0
2005,Delito 24,37.0
2006,Delito 24,25.0
2007,Delito 24,112.0
2008,Delito 24,36.0
2009,Delito 24,41.0
2010,Delito 24,33.0
2011,Delito 24,45.0
2012,Delito 24,442.0
2013,Delito 24,88.0
2014,Delito 24,93.0
2015,Delito 24,230.0
2016,Delito 24,80.0
2017,Delito 24,45.0
2018,Delito 24,86.0
2019,Delito 24,116.0
2020,Delito 24,690.0
2021,Delito 24,112.0
2022,Delito 24,56.0
2023,Delito 24,13.0
2024,Delito 24,68.0
2000,Delito 25,85.0
2001,Delito 25,110.0
2002,Delito 25,159.0
2003,Delito 25,135.0
2004,Delito 25,140.0
2005,Delito 25,120.0
2006,Delito 25,184.0
2007,Delito 25,767.0
2008,Delito 25,144.0
2009,Delito 25,164.0
2010,Delito 25,157.0
2011,Delito 25,152.0
2012,Delito 25,119.0
2013,Delito 25,192.0
2014,Delito 25,585.0
2015,Delito 25,389.0
2016,Delito 25,421.0
2017,Delito 25,628.0
2018,Delito 25,930.0
2019,Delito 25,1321.0
2020,Delito 25,969.0
2021,Delito 25,700.0
2022,Delito 25,308.0
2023,Delito 25,130.0
2024,Delito 25,118.0
2000,Delito 26,10110.0
2001,Delito 26,11662.0
2002,Delito 26,12330.0
2003,Delito 26,13127.0
2004,Delito 26,13531.0
2005,Delito 26,13891.0
2006,Delito 26,14740.0
2007,Delito 26,13258.0
2008,Delito 26,16101.0
2009,Delito 26,23537.0
2010,Delito 26,23866.0
2011,Delito 26,24492.0
2012,Delito 26,27595.0
2013,Delito 26,30417.0
2014,Delito 26,28374.0
2015,Delito 26,32791.0
2016,Delito 26,37305.0
2017,Delito 26,44104.0
2018,Delito 26,41892.0
2019,Delito 26,42224.0
2020,Delito 26,60453.0
2021,Delito 26,49605.0
2022,Delito 26,39550.0
2023,Delito 26,42856.0
2024,Delito 26,49942.0
2000,Delito 27,5868.0
2001,Delito 27,5387.0
2002,Delito 27,5495.0
2003,Delito 27,5000.0
2004,Delito 27,4989.0
2005,Delito 27,5428.0
2006,Delito 27,5039.0
2007,Delito 27,4249.0
2008,Delito 27,3567.0
2009,Delito 27,4198.0
2010,Delito 27,4446.0
2011,Delito 27,4107.0
2012,Delito 27,7706.0
2013,Delito 27,7169.0
2014,Delito 27,6820.0
2015,Delito 27,6766.0
2016,Delito 27,6972.0
2017,Delito 27,9492.0
2018,Delito 27,8901.0
2019,Delito 27,10919.0
2020,Delito 27,8975.0
2021,Delito 27,10596.0
2022,Delito 27,10995.0
2023,Delito 27,11307.0
2024,Delito 27,10533.0
2000,Delito 28,15994.0
2001,Delito 28,15364.0
2002,Delito 28,15508.0
2003,Delito 28,15378.0
2004,Delito 28,18341.0
2005,Delito 28,22378.0
2006,Delito 28,24552.0
2007,Delito 28,23638.0
2008,Delito 28,30003.0
2009,Delito 28,38996.0
2010,Delito 28,39730.0
2011,Delito 28,39176.0
2012,Delito 28,36179.0
2013,Delito 28,35557.0
2014,Delito 28,30796.0
2015,Delito 28,31447.0
2016,Delito 28,35256.0
2017,Delito 28,47358.0
2018,Delito 28,61502.0
2019,Delito 28,99777.0
2020,Delito 28,58973.0
2021,Delito 28,72043.0
2022,Delito 28,77414.0
2023,Delito 28,73798.0
2024,Delito 28,91008.0
2017,Delito 28_01,273.0
2018,Delito 28_01,222.0
2019,Delito 28_01,848.0
2020,Delito 28_01,956.0
2021,Delito 28_01,1113.0
2022,Delito 28_01,1002.0
2023,Delito 28_01,1105.0
2024,Delito 28_01,950.0
2017,Delito 28_02,4513.0
2018,Delito 28_02,5958.0
2019,Delito 28_02,6634.0
2020,Delito 28_02,5023.0
2021,Delito 28_02,5505.0
2022,Delito 28_02,6321.0
2023,Delito 28_02,6954.0
2024,Delito 28_02,8015.0
2017,Delito 28_03,263.0
2018,Delito 28_03,645.0
2019,Delito 28_03,1298.0
2020,Delito 28_03,630.0
2021,Delito 28_03,880.0
2022,Delito 28_03,1078.0
2023,Delito 28_03,845.0
2024,Delito 28_03,556.0
2017,Delito 28_04,45.0
2018,Delito 28_04,20.0
2019,Delito 28_04,1475.0
2020,Delito 28_04,72.0
2021,Delito 28_04,10.0
2022,Delito 28_04,116.0
2023,Delito 28_04,0.0
2024,Delito 28_04,1.0
2017,Delito 28_05,97.0
2018,Delito 28_05,173.0
2019,Delito 28_05,208.0
2020,Delito 28_05,167.0
2021,Delito 28_05,206.0
2022,Delito 28_05,227.0
2023,Delito 28_05,135.0
2024,Delito 28_05,126.0
2017,Delito 28_06,7965.0
2018,Delito 28_06,8110.0
2019,Delito 28_06,12257.0
2020,Delito 28_06,9239.0
2021,Delito 28_06,8393.0
2022,Delito 28_06,10528.0
2023,Delito 28_06,10205.0
2024,Delito 28_06,9793.0
2017,Delito 28_07,21530.0
2018,Delito 28_07,28688.0
2019,Delito 28_07,53624.0
2020,Delito 28_07,31939.0
2021,Delito 28_07,44588.0
2022,Delito 28_07,48942.0
2023,Delito 28_07,46452.0
2024,Delito 28_07,58232.0
2017,Delito 28_08,86.0
2018,Delito 28_08,123.0
2019,Delito 28_08,107.0
2020,Delito 28_08,68.0
2021,Delito 28_08,105.0
2022,Delito 28_08,188.0
2023,Delito 28_08,154.0
2024,Delito 28_08,134.0
2017,Delito 28_09,1315.0
2018,Delito 28_09,899.0
2019,Delito 28_09,560.0
2020,Delito 28_09,382.0
2021,Delito 28_09,623.0
2022,Delito 28_09,779.0
2023,Delito 28_09,502.0
2024,Delito 28_09,598.0
2017,Delito 28_10,11271.0
2018,Delito 28_10,16664.0
2019,Delito 28_10,22766.0
2020,Delito 28_10,10497.0
2021,Delito 28_10,10620.0
2022,Delito 28_10,8233.0
2023,Delito 28_10,7446.0
2024,Delito 28_10,12603.0
2000,Delito 29,16195.0
2001,Delito 29,17956.0
2002,Delito 29,23139.0
2003,Delito 29,22004.0
2004,Delito 29,22522.0
2005,Delito 29,25332.0
2006,Delito 29,26042.0
2007,Delito 29,23066.0
2008,Delito 29,30986.0
2009,Delito 29,29270.0
2010,Delito 29,29502.0
2011,Delito 29,33725.0
2012,Delito 29,29655.0
2013,Delito 29,34633.0
2014,Delito 29,35104.0
2015,Delito 29,35282.0
2016,Delito 29,34504.0
2017,Delito 29,38945.0
2018,Delito 29,40064.0
2019,Delito 29,72618.0
2020,Delito 29,61460.0
2021,Delito 29,70887.0
2022,Delito 29,65612.0
2023,Delito 29,63692.0
2024,Delito 29,67496.0
2016,Delito 29_1,0.0
2017,Delito 29_1,53.0
2018,Delito 29_1,51.0
2019,Delito 29_1,95.0
2020,Delito 29_1,18.0
2021,Delito 29_1,54.0
2022,Delito 29_1,326.0
2023,Delito 29_1,43.0
2024,Delito 29_1,67.0
2016,Delito 29_2,7.0
2017,Delito 29_2,756.0
2018,Delito 29_2,787.0
2019,Delito 29_2,1621.0
2020,Delito 29_2,1170.0
2021,Delito 29_2,1649.0
2022,Delito 29_2,1715.0
2023,Delito 29_2,1582.0
2024,Delito 29_2,1328.0
2016,Delito 29_3,2.0
2017,Delito 29_3,218.0
2018,Delito 29_3,604.0
2019,Delito 29_3,3739.0
2020,Delito 29_3,1899.0
2021,Delito 29_3,3970.0
2022,Delito 29_3,3388.0
2023,Delito 29_3,2838.0
2024,Delito 29_3,1903.0
2016,Delito 29_4,25.0
2017,Delito 29_4,482.0
2018,Delito 29_4,332.0
2019,Delito 29_4,368.0
2020,Delito 29_4,190.0
2021,Delito 29_4,261.0
2022,Delito 29_4,327.0
2023,Delito 29_4,98.0
2024,Delito 29_4,153.0
2016,Delito 29_5,72.0
2017,Delito 29_5,6825.0
2018,Delito 29_5,5295.0
2019,Delito 29_5,25805.0
2020,Delito 29_5,18884.0
2021,Delito 29_5,17056.0
2022,Delito 29_5,15494.0
2023,Delito 29_5,17898.0
2024,Delito 29_5,16485.0
2016,Delito 29_6,2.0
2017,Delito 29_6,300.0
2018,Delito 29_6,170.0
2019,Delito 29_6,224.0
2020,Delito 29_6,118.0
2021,Delito 29_6,183.0
2022,Delito 29_6,396.0
2023,Delito 29_6,448.0
2024,Delito 29_6,597.0
2016,Delito 29_7,0.0
2017,Delito 29_7,4.0
2018,Delito 29_7,6.0
2019,Delito 29_7,20.0
2020,Delito 29_7,6.0
2021,Delito 29_7,7.0
2022,Delito 29_7,120.0
2023,Delito 29_7,7.0
2024,Delito 29_7,16.0
2016,Delito 29_8,1256.0
2017,Delito 29_8,30307.0
2018,Delito 29_8,32819.0
2019,Delito 29_8,40746.0
2020,Delito 29_8,39175.0
2021,Delito 29_8,47707.0
2022,Delito 29_8,43846.0
2023,Delito 29_8,40778.0
2024,Delito 29_8,46947.0
2000,Delito 30,130384.0
2001,Delito 30,202813.0
2002,Delito 30,118238.0
2003,Delito 30,130115.0
2004,Delito 30,128199.0
2005,Delito 30,126279.0
2006,Delito 30,145785.0
2007,Delito 30,133316.0
2008,Delito 30,115342.0
2009,Delito 30,99126.0
2010,Delito 30,97594.0
2011,Delito 30,91448.0
2012,Delito 30,109532.0
2013,Delito 30,103947.0
2014,Delito 30,110581.0
2015,Delito 30,93633.0
2016,Delito 30,102938.0
2017,Delito 30,161897.0
2018,Delito 30,178813.0
2019,Delito 30,148812.0
2020,Delito 30,119532.0
2021,Delito 30,88850.0
2022,Delito 30,74313.0
2023,Delito 30,75953.0
2024,Delito 30,85856.0
2000,Delito 31,3129.0
2001,Delito 31,3167.0
2002,Delito 31,2966.0
2003,Delito 31,2860.0
2004,Delito 31,2843.0
2005,Delito 31,2709.0
2006,Delito 31,2746.0
2007,Delito 31,2768.0
2008,Delito 31,3127.0
2009,Delito 31,3069.0
2010,Delito 31,3068.0
2011,Delito 31,3103.0
2012,Delito 31,3018.0
2013,Delito 31,2998.0
2014,Delito 31,3242.0
2015,Delito 31,2915.0
2016,Delito 31,3002.0
2017,Delito 31,3299.0
2018,Delito 31,3902.0
2019,Delito 31,3647.0
2020,Delito 31,3261.0
2021,Delito 31,3648.0
2022,Delito 31,3959.0
2023,Delito 31,4205.0
2024,Delito 31,4245.0
2016,Delito 32,132.0
2017,Delito 32,771.0
2018,Delito 32,239.0
2019,Delito 32,353.0
2020,Delito 32,326.0
2021,Delito 32,671.0
2022,Delito 32,359.0
2023,Delito 32,320.0
2024,Delito 32,330.0
2000,Delito 01 (víctimas),2805.0
2001,Delito 01 (víctimas),3143.0
2002,Delito 01 (víctimas),3571.0
2003,Delito 01 (víctimas),2967.0
2004,Delito 01 (víctimas),2341.0
2005,Delito 01 (víctimas),2203.0
2006,Delito 01 (víctimas),2111.0
2007,Delito 01 (víctimas),2139.0
2008,Delito 01 (víctimas),2377.0
2009,Delito 01 (víctimas),2645.0
2010,Delito 01 (víctimas),2383.0
2011,Delito 01 (víctimas),2516.0
2012,Delito 01 (víctimas),2656.0
2013,Delito 01 (víctimas),3173.0
2014,Delito 01 (víctimas),3253.0
2015,Delito 01 (víctimas),2846.0
2016,Delito 01 (víctimas),2628.0
2017,Delito 01 (víctimas),2313.0
2018,Delito 01 (víctimas),2384.0
2019,Delito 01 (víctimas),2308.0
2020,Delito 01 (víctimas),2419.0
2021,Delito 01 (víctimas),2094.0
2022,Delito 01 (víctimas),1958.0
2023,Delito 01 (víctimas),2047.0
2024,Delito 01 (víctimas),1803.0
2000,Delito 02 (víctimas),942.0
2001,Delito 02 (víctimas),985.0
2002,Delito 02 (víctimas),922.0
2003,Delito 02 (víctimas),974.0
2004,Delito 02 (víctimas),931.0
2005,Delito 02 (víctimas),978.0
2006,Delito 02 (víctimas),894.0
2007,Delito 02 (víctimas),827.0
2008,Delito 02 (víctimas),1036.0
2009,Delito 02 (víctimas),1258.0
2010,Delito 02 (víctimas),1247.0
2011,Delito 02 (víctimas),1499.0
2012,Delito 02 (víctimas),1561.0
2013,Delito 02 (víctimas),1658.0
2014,Delito 02 (víctimas),1925.0
2015,Delito 02 (víctimas),1724.0
2016,Delito 02 (víctimas),1777.0
2017,Delito 02 (víctimas),1808.0
2018,Delito 02 (víctimas),1698.0
2019,Delito 02 (víctimas),1802.0
2020,Delito 02 (víctimas),1755.0
2021,Delito 02 (víctimas),1678.0
2022,Delito 02 (víctimas),1488.0
2023,Delito 02 (víctimas),1675.0
2024,Delito 02 (víctimas),1693.0
2000,Delito 03 (víctimas),4297.0
2001,Delito 03 (víctimas),4339.0
2002,Delito 03 (víctimas),3550.0
2003,Delito 03 (víctimas),3531.0
2004,Delito 03 (víctimas),3982.0
2005,Delito 03 (víctimas),3983.0
2006,Delito 03 (víctimas),4326.0
2007,Delito 03 (víctimas),4364.0
2008,Delito 03 (víctimas),4554.0
2009,Delito 03 (víctimas),3824.0
2010,Delito 03 (víctimas),3980.0
2011,Delito 03 (víctimas),4163.0
2012,Delito 03 (víctimas),4076.0
2013,Delito 03 (víctimas),4633.0
2014,Delito 03 (víctimas),4635.0
2015,Delito 03 (víctimas),4330.0
2016,Delito 03 (víctimas),4302.0
2017,Delito 03 (víctimas),4730.0
2018,Delito 03 (víctimas),4803.0
2019,Delito 03 (víctimas),4189.0
2020,Delito 03 (víctimas),2983.0
2021,Delito 03 (víctimas),3827.0
2022,Delito 03 (víctimas),4183.0
2023,Delito 03 (víctimas),3956.0
2024,Delito 03 (víctimas),3539.0
2000,Delito 04 (víctimas),1119.0
2001,Delito 04 (víctimas),678.0
2002,Delito 04 (víctimas),621.0
2003,Delito 04 (víctimas),688.0
2004,Delito 04 (víctimas),785.0
2005,Delito 04 (víctimas),941.0
2006,Delito 04 (víctimas),797.0
2007,Delito 04 (víctimas),727.0
2008,Delito 04 (víctimas),641.0
2009,Delito 04 (víctimas),990.0
2010,Delito 04 (víctimas),754.0
2011,Delito 04 (víctimas),1026.0
2012,Delito 04 (víctimas),1191.0
2013,Delito 04 (víctimas),1009.0
2014,Delito 04 (víctimas),1587.0
2015,Delito 04 (víctimas),1081.0
2016,Delito 04 (víctimas),599.0
2017,Delito 04 (víctimas),694.0
2018,Delito 04 (víctimas),631.0
2019,Delito 04 (víctimas),550.0
2020,Delito 04 (víctimas),580.0
2021,Delito 04 (víctimas),648.0
2022,Delito 04 (víctimas),725.0
2023,Delito 04 (víctimas),821.0
2024,Delito 04 (víctimas),599.0
2000,Delito 05 (víctimas),112475.0
2001,Delito 05 (víctimas),124273.0
2002,Delito 05 (víctimas),130786.0
2003,Delito 05 (víctimas),137578.0
2004,Delito 05 (víctimas),148802.0
2005,Delito 05 (víctimas),149315.0
2006,Delito 05 (víctimas),150367.0
2007,Delito 05 (víctimas),146308.0
2008,Delito 05 (víctimas),154360.0
2009,Delito 05 (víctimas),156621.0
2010,Delito 05 (víctimas),154692.0
2011,Delito 05 (víctimas),171561.0
2012,Delito 05 (víctimas),171662.0
2013,Delito 05 (víctimas),167288.0
2014,Delito 05 (víctimas),184038.0
2015,Delito 05 (víctimas),179769.0
2016,Delito 05 (víctimas),147343.0
2017,Delito 05 (víctimas),159792.0
2018,Delito 05 (víctimas),143329.0
2019,Delito 05 (víctimas),154209.0
2020,Delito 05 (víctimas),144747.0
2021,Delito 05 (víctimas),166098.0
2022,Delito 05 (víctimas),177267.0
2023,Delito 05 (víctimas),177213.0
2024,Delito 05 (víctimas),180842.0
2000,Delito 06 (víctimas),61882.0
2001,Delito 06 (víctimas),68583.0
2002,Delito 06 (víctimas),61253.0
2003,Delito 06 (víctimas),64881.0
2004,Delito 06 (víctimas),74394.0
2005,Delito 06 (víctimas),84614.0
2006,Delito 06 (víctimas),96221.0
2007,Delito 06 (víctimas),111177.0
2008,Delito 06 (víctimas),121598.0
2009,Delito 06 (víctimas),115188.0
2010,Delito 06 (víctimas),112648.0
2011,Delito 06 (víctimas),112757.0
2012,Delito 06 (víctimas),106256.0
2013,Delito 06 (víctimas),102165.0
2014,Delito 06 (víctimas),94717.0
2015,Delito 06 (víctimas),97260.0
2016,Delito 06 (víctimas),106556.0
2017,Delito 06 (víctimas),112818.0
2018,Delito 06 (víctimas),111129.0
2019,Delito 06 (víctimas),107344.0
2020,Delito 06 (víctimas),72666.0
2021,Delito 06 (víctimas),94606.0
2022,Delito 06 (víctimas),104372.0
2023,Delito 06 (víctimas),104825.0
2024,Delito 06 (víctimas),107683.0
2000,Delito 07 (víctimas),11410.0
2001,Delito 07 (víctimas),9287.0
2002,Delito 07 (víctimas),7524.0
2003,Delito 07 (víctimas),7664.0
2004,Delito 07 (víctimas),8931.0
2005,Delito 07 (víctimas),9937.0
2006,Delito 07 (víctimas),11814.0
2007,Delito 07 (víctimas),10920.0
2008,Delito 07 (víctimas),10335.0
2009,Delito 07 (víctimas),18167.0
2010,Delito 07 (víctimas),20244.0
2011,Delito 07 (víctimas),25299.0
2012,Delito 07 (víctimas),27664.0
2013,Delito 07 (víctimas),29929.0
2014,Delito 07 (víctimas),29367.0
2015,Delito 07 (víctimas),25887.0
2016,Delito 07 (víctimas),15926.0
2017,Delito 07 (víctimas),18265.0
2018,Delito 07 (víctimas),17750.0
2019,Delito 07 (víctimas),16109.0
2020,Delito 07 (víctimas),10554.0
2021,Delito 07 (víctimas),13860.0
2022,Delito 07 (víctimas),14130.0
2023,Delito 07 (víctimas),15442.0
2024,Delito 07 (víctimas),13813.0
2000,Delito 08 (víctimas),22033.0
2001,Delito 08 (víctimas),18965.0
2002,Delito 08 (víctimas),17741.0
2003,Delito 08 (víctimas),17239.0
2004,Delito 08 (víctimas),17619.0
2005,Delito 08 (víctimas),16625.0
2006,Delito 08 (víctimas),18381.0
2007,Delito 08 (víctimas),23753.0
2008,Delito 08 (víctimas),30411.0
2009,Delito 08 (víctimas),29715.0
2010,Delito 08 (víctimas),30631.0
2011,Delito 08 (víctimas),33239.0
2012,Delito 08 (víctimas),30792.0
2013,Delito 08 (víctimas),38746.0
2014,Delito 08 (víctimas),50901.0
2015,Delito 08 (víctimas),45812.0
2016,Delito 08 (víctimas),55836.0
2017,Delito 08 (víctimas),53630.0
2018,Delito 08 (víctimas),61084.0
2019,Delito 08 (víctimas),55282.0
2020,Delito 08 (víctimas),51487.0
2021,Delito 08 (víctimas),47674.0
2022,Delito 08 (víctimas),43183.0
2023,Delito 08 (víctimas),46971.0
2024,Delito 08 (víctimas),49574.0
2000,Delito 09 (víctimas),383.0
2001,Delito 09 (víctimas),408.0
2002,Delito 09 (víctimas),308.0
2003,Delito 09 (víctimas),332.0
2004,Delito 09 (víctimas),392.0
2005,Delito 09 (víctimas),329.0
2006,Delito 09 (víctimas),373.0
2007,Delito 09 (víctimas),650.0
2008,Delito 09 (víctimas),257.0
2009,Delito 09 (víctimas),352.0
2010,Delito 09 (víctimas),244.0
2011,Delito 09 (víctimas),319.0
2012,Delito 09 (víctimas),433.0
2013,Delito 09 (víctimas),609.0
2014,Delito 09 (víctimas),863.0
2015,Delito 09 (víctimas),431.0
2016,Delito 09 (víctimas),473.0
2017,Delito 09 (víctimas),460.0
2018,Delito 09 (víctimas),548.0
2019,Delito 09 (víctimas),726.0
2020,Delito 09 (víctimas),788.0
2021,Delito 09 (víctimas),811.0
2022,Delito 09 (víctimas),663.0
2023,Delito 09 (víctimas),789.0
2024,Delito 09 (víctimas),865.0
2000,Delito 10 (víctimas),3107.0
2001,Delito 10 (víctimas),3377.0
2002,Delito 10 (víctimas),3098.0
2003,Delito 10 (víctimas),3521.0
2004,Delito 10 (víctimas),3529.0
2005,Delito 10 (víctimas),3223.0
2006,Delito 10 (víctimas),3386.0
2007,Delito 10 (víctimas),3352.0
2008,Delito 10 (víctimas),3494.0
2009,Delito 10 (víctimas),4429.0
2010,Delito 10 (víctimas),4330.0
2011,Delito 10 (víctimas),4299.0
2012,Delito 10 (víctimas),4430.0
2013,Delito 10 (víctimas),4504.0
2014,Delito 10 (víctimas),3943.0
2015,Delito 10 (víctimas),3666.0
2016,Delito 10 (víctimas),3787.0
2017,Delito 10 (víctimas),3919.0
2018,Delito 10 (víctimas),4282.0
2019,Delito 10 (víctimas),5627.0
2020,Delito 10 (víctimas),5799.0
2021,Delito 10 (víctimas),7051.0
2022,Delito 10 (víctimas),7161.0
2023,Delito 10 (víctimas),6473.0
2024,Delito 10 (víctimas),6375.0
2000,Delito 11 (víctimas),6173.0
2001,Delito 11 (víctimas),6002.0
2002,Delito 11 (víctimas),5997.0
2003,Delito 11 (víctimas),6698.0
2004,Delito 11 (víctimas),7152.0
2005,Delito 11 (víctimas),7087.0
2006,Delito 11 (víctimas),7683.0
2007,Delito 11 (víctimas),7486.0
2008,Delito 11 (víctimas),7297.0
2009,Delito 11 (víctimas),7893.0
2010,Delito 11 (víctimas),8468.0
2011,Delito 11 (víctimas),9003.0
2012,Delito 11 (víctimas),8873.0
2013,Delito 11 (víctimas),10208.0
2014,Delito 11 (víctimas),10382.0
2015,Delito 11 (víctimas),13236.0
2016,Delito 11 (víctimas),9326.0
2017,Delito 11 (víctimas),11631.0
2018,Delito 11 (víctimas),13279.0
2019,Delito 11 (víctimas),17164.0
2020,Delito 11 (víctimas),23999.0
2021,Delito 11 (víctimas),35641.0
2022,Delito 11 (víctimas),36753.0
2023,Delito 11 (víctimas),35113.0
2024,Delito 11 (víctimas),30218.0
2000,Delito 14 (víctimas),15628.0
2001,Delito 14 (víctimas),13729.0
2002,Delito 14 (víctimas),13921.0
2003,Delito 14 (víctimas),13267.0
2004,Delito 14 (víctimas),13238.0
2005,Delito 14 (víctimas),13213.0
2006,Delito 14 (víctimas),15810.0
2007,Delito 14 (víctimas),25395.0
2008,Delito 14 (víctimas),14916.0
2009,Delito 14 (víctimas),9593.0
2010,Delito 14 (víctimas),10435.0
2011,Delito 14 (víctimas),10928.0
2012,Delito 14 (víctimas),10597.0
2013,Delito 14 (víctimas),9689.0
2014,Delito 14 (víctimas),10588.0
2015,Delito 14 (víctimas),10663.0
2016,Delito 14 (víctimas),12447.0
2017,Delito 14 (víctimas),12481.0
2018,Delito 14 (víctimas),12138.0
2019,Delito 14 (víctimas),13637.0
2020,Delito 14 (víctimas),13526.0
2021,Delito 14 (víctimas),15023.0
2022,Delito 14 (víctimas),15331.0
2023,Delito 14 (víctimas),15960.0
2024,Delito 14 (víctimas),14101.0
2017,Delito 14_1 (víctimas),329.0
2018,Delito 14_1 (víctimas),221.0
2019,Delito 14_1 (víctimas),178.0
2020,Delito 14_1 (víctimas),271.0
2021,Delito 14_1 (víctimas),246.0
2022,Delito 14_1 (víctimas),425.0
2023,Delito 14_1 (víctimas),442.0
2024,Delito 14_1 (víctimas),294.0
2017,Delito 14_2 (víctimas),26.0
2018,Delito 14_2 (víctimas),30.0
2019,Delito 14_2 (víctimas),25.0
2020,Delito 14_2 (víctimas),129.0
2021,Delito 14_2 (víctimas),99.0
2022,Delito 14_2 (víctimas),90.0
2023,Delito 14_2 (víctimas),56.0
2024,Delito 14_2 (víctimas),28.0
2017,Delito 14_3 (víctimas),12126.0
2018,Delito 14_3 (víctimas),11887.0
2019,Delito 14_3 (víctimas),13434.0
2020,Delito 14_3 (víctimas),13126.0
2021,Delito 14_3 (víctimas),14678.0
2022,Delito 14_3 (víctimas),14816.0
2023,Delito 14_3 (víctimas),15462.0
2024,Delito 14_3 (víctimas),13779.0
2000,Delito 31 (víctimas),3129.0
2001,Delito 31 (víctimas),3167.0
2002,Delito 31 (víctimas),2966.0
2003,Delito 31 (víctimas),2860.0
2004,Delito 31 (víctimas),2843.0
2005,Delito 31 (víctimas),2712.0
2006,Delito 31 (víctimas),2746.0
2007,Delito 31 (víctimas),2768.0
2008,Delito 31 (víctimas),3130.0
2009,Delito 31 (víctimas),3087.0
2010,Delito 31 (víctimas),3093.0
2011,Delito 31 (víctimas),3126.0
2012,Delito 31 (víctimas),3067.0
2013,Delito 31 (víctimas),3060.0
2014,Delito 31 (víctimas),3296.0
2015,Delito 31 (víctimas),2953.0
2016,Delito 31 (víctimas),2897.0
2017,Delito 31 (víctimas),3304.0
2018,Delito 31 (víctimas),3903.0
2019,Delito 31 (víctimas),3647.0
2020,Delito 31 (víctimas),3262.0
2021,Delito 31 (víctimas),3648.0
2022,Delito 31 (víctimas),3959.0
2023,Delito 31 (víctimas),4205.0
2024,Delito 31 (víctimas),4249.0
